{"cameraMode":{"drawMode":0,"name":"Shaded","section":"Shading Mode"},"sceneLighting":false,"audioPlay":false,"sceneViewState":{"m_AlwaysRefresh":false,"showFog":true,"showSkybox":false,"showFlares":true,"showImageEffects":true,"showParticleSystems":true,"showVisualEffectGraphs":true,"m_FxEnabled":true},"in2DMode":false,"pivot":{"x":-3.0910000801086427,"y":1.1790000200271607,"z":4.079999923706055},"rotation":{"x":-0.22861436009407044,"y":0.20040613412857057,"z":-0.04815354198217392,"w":-0.9514504075050354},"size":0.6440370082855225,"orthographic":false}