{"cameraMode":{"drawMode":0,"name":"Shaded","section":"Shading Mode"},"sceneLighting":true,"audioPlay":false,"sceneViewState":{"m_AlwaysRefresh":false,"showFog":true,"showSkybox":true,"showFlares":true,"showImageEffects":true,"showParticleSystems":true,"showVisualEffectGraphs":true,"m_FxEnabled":true},"in2DMode":false,"pivot":{"x":0.7329509258270264,"y":-3.293370246887207,"z":17.218643188476564},"rotation":{"x":-0.18212811648845673,"y":-0.04100774973630905,"z":0.00759983342140913,"w":-0.9823997020721436},"size":9.447771072387696,"orthographic":false}